<?xml version="1.0"?>
<!--
    Copyright © (C) 2014
    Emory Hughes Merryman, III
    emory.merryman@gmail.com
-->
<!--
    This file is part of HollowLobster.

    HollowLobster is free software: you can redistribute it and/or modify
    it under the terms of the GNU General Public License as published by
    the Free Software Foundation, either version 3 of the License, or
    (at your option) any later version.

    HollowLobster is distributed in the hope that it will be useful,
    but WITHOUT ANY WARRANTY; without even the implied warranty of
    MERCHANTABILITY or FITNESS FOR A PARTICULAR PURPOSE.  See the
    GNU General Public License for more details.

    You should have received a copy of the GNU General Public License
    along with HollowLobster.  If not, see <http://www.gnu.org/licenses/>.
-->
<ivysettings>
  <include url="${ivy.default.settings.dir}/ivysettings.xml"/>
  <resolvers>
    <filesystem name="internal">
      <ivy pattern="${repository.dir}/[module]/ivy-[revision].xml" />
      <artifact pattern="${repository.dir}/[organization]/[module]/[conf]/[type]/[artifact]-[revision].[ext]"/>
    </filesystem>
   </resolvers>
</ivysettings>
